,0
0,EP021988
1,AL041975
2,AL141959
3,EP042009
4,AL031894
5,EP021961
6,AL051871
7,AL041912
8,AL081950
9,AL121931
10,EP161985
11,AL101878
12,EP051979
13,AL121980
14,EP021983
15,EP212006
16,AL041885
17,EP161993
18,EP041951
19,EP022011
20,AL041961
21,EP041978
22,AL042007
23,EP031982
24,EP152014
25,EP092009
26,AL142011
27,AL182005
28,AL222005
29,AL041969
30,AL051889
31,AL071934
32,AL021975
33,AL061996
34,AL041875
35,AL021851
36,AL051992
37,AL042014
38,AL041959
39,AL121932
40,AL041956
41,AL021974
42,AL041918
43,EP081965
44,EP022015
45,EP161986
46,EP031974
47,EP221989
48,EP171992
49,EP011970
50,EP141994
51,EP161989
52,AL121994
53,AL011874
54,AL121971
55,AL111990
56,EP111986
57,EP061999
58,AL022002
59,EP121966
60,AL162003
61,AL091994
62,EP132014
63,EP071995
64,AL031935
65,AL111909
66,AL091942
67,EP021979
68,AL082014
69,AL071978
70,AL121999
71,AL012002
72,AL071908
73,EP141975
74,EP141986
75,AL161990
76,EP081954
77,EP052012
78,EP121958
79,EP072010
80,EP031957
81,EP111980
82,EP011993
83,AL182012
84,EP061957
85,EP151986
86,AL041868
87,AL051969
88,EP181970
89,AL052000
90,AL021927
91,AL132004
92,EP082002
93,EP061983
94,AL071987
95,EP121990
96,AL021981
97,AL091978
98,AL071955
99,AL012009
100,EP181997
101,EP041977
102,EP032008
103,AL051963
104,EP181983
105,AL111906
106,AL021889
107,AL181976
108,AL061875
109,AL151980
110,EP021969
111,AL091988
112,AL101909
113,AL081977
114,EP061976
115,EP081989
116,EP031966
117,AL041937
118,AL051866
119,AL021944
120,EP131990
121,AL101936
122,EP131993
123,AL011878
124,AL092015
125,AL091878
126,AL031971
127,AL102011
128,AL171887
129,AL041947
130,AL202011
131,AL052004
132,EP012001
133,AL031974
134,EP161991
135,EP171985
136,AL191970
137,AL021932
138,AL051948
139,AL011994
140,AL081891
141,AL152001
142,AL021955
143,AL102008
144,AL011984
145,AL041944
146,AL091968
147,AL041863
148,AL051910
149,EP071985
150,AL021865
151,AL021957
152,AL011962
153,AL192000
154,EP052001
155,AL181995
156,AL211976
157,AL071912
158,AL031934
159,EP101989
160,EP131988
161,AL041950
162,AL061897
163,AL041965
164,AL021856
165,EP101971
166,AL021928
167,AL052011
168,AL021860
169,EP051951
170,AL031908
171,AL041954
172,EP091958
173,AL071909
174,EP071988
175,AL121886
176,AL011991
177,AL031887
178,EP202014
179,AL192003
180,EP142002
181,AL131995
182,EP152008
183,EP141983
184,EP052008
185,EP012013
186,AL051921
187,EP041997
188,EP091959
189,AL151950
190,AL031860
191,EP091990
192,AL041860
193,AL031961
194,AL061867
195,AL011893
196,AL011868
197,CP012013
198,AL031926
199,AL182011
200,AL031900
201,AL121970
202,AL031942
203,AL131975
204,AL201981
205,AL031990
206,AL021911
207,EP022008
208,EP071993
209,EP051991
210,EP042003
211,AL031861
212,AL191984
213,AL081991
214,AL071866
215,AL081981
216,EP031987
217,EP051987
218,AL191969
219,AL101934
220,AL041953
221,AL042015
222,AL071891
223,EP091971
224,AL051856
225,AL041887
226,AL182003
227,AL071893
228,AL091956
229,EP121976
230,EP152007
231,EP011958
232,AL071889
233,EP111985
234,AL061981
235,AL151976
236,EP092007
237,AL051905
238,AL021910
239,AL071981
240,AL091893
241,AL021940
242,EP111975
243,EP012000
244,AL101949
245,AL111952
246,AL051944
247,AL271969
248,EP092000
249,AL021953
250,EP011951
251,AL061933
252,AL062003
253,AL121990
254,AL021985
255,EP091962
256,EP091988
257,AL081863
258,AL032000
259,AL011938
260,AL051979
261,EP081969
262,EP021955
263,EP241989
264,AL061968
265,AL131959
266,EP061984
267,AL092000
268,AL171970
269,CP042006
270,EP231990
271,AL021964
272,AL021878
273,AL051899
274,EP021965
275,EP011955
276,AL091889
277,AL091984
278,AL021867
279,AL021902
280,AL031913
281,AL071972
282,AL121979
283,AL091944
284,CP032013
285,AL071949
286,AL171995
287,EP092010
288,EP151968
289,AL171981
290,AL051954
291,AL091931
292,EP182008
293,AL141978
294,EP211983
295,AL131976
296,AL202003
297,AL101933
298,AL031997
299,AL022010
300,AL131971
301,AL091888
302,AL102013
303,AL061934
304,EP181990
305,EP051997
306,AL081887
307,AL081961
308,EP041974
309,EP112003
310,EP132012
311,AL021905
312,AL041905
313,AL021904
314,EP192014
315,EP072005
316,EP142004
317,EP082014
318,AL061949
319,EP021987
320,AL021885
321,AL172001
322,AL042011
323,AL061878
324,AL071968
325,AL071901
326,AL051960
327,EP011999
328,AL051932
329,EP061987
330,AL121985
331,AL092009
332,EP052000
333,EP111959
334,AL091952
335,AL062010
336,AL072004
337,EP091983
338,EP031960
339,AL011905
340,EP042006
341,AL121995
342,AL061913
343,AL091923
344,AL021958
345,AL031982
346,EP011964
347,EP142003
348,EP082005
349,EP171997
350,EP031983
351,EP051992
352,AL061953
353,AL152012
354,AL181978
355,AL051851
356,AL081951
357,AL112002
358,EP051963
359,AL031921
360,AL091916
361,AL032013
362,EP022006
363,EP011992
364,AL051934
365,EP011983
366,AL191995
367,EP052005
368,EP081998
369,EP021996
370,AL111975
371,AL041906
372,AL141999
373,AL021897
374,AL131969
375,AL161980
376,AL192005
377,AL112010
378,AL152000
379,AL022003
380,AL041894
381,EP041954
382,AL011882
383,AL131953
384,AL021941
385,AL011967
386,AL112009
387,CP011967
388,EP052015
389,EP171984
390,EP042008
391,AL031904
392,CP011987
393,AL051902
394,AL151977
395,AL131985
396,CP051997
397,AL141988
398,EP102001
399,AL041963
400,EP112000
401,AL141972
402,AL041976
403,AL011990
404,AL101961
405,AL021880
406,CP011972
407,EP201988
408,AL121953
409,EP111958
410,EP021975
411,AL081853
412,AL141969
413,EP032011
414,AL172000
415,AL091951
416,EP101985
417,AL072000
418,AL081969
419,AL201933
420,AL021919
421,AL091908
422,AL011942
423,AL011884
424,AL021998
425,EP051985
426,EP112006
427,AL041881
428,AL141887
429,EP151990
430,AL231978
431,AL051997
432,AL162000
433,EP101958
434,AL071906
435,AL121981
436,AL131936
437,EP191988
438,AL191887
439,AL011926
440,EP091993
441,EP051998
442,AL111970
443,AL031972
444,AL111988
445,EP051955
446,AL121955
447,AL031984
448,EP051994
449,AL011997
450,AL051990
451,AL021855
452,EP031996
453,AL011899
454,AL032014
455,EP121968
456,AL041981
457,AL041911
458,AL081940
459,AL052003
460,EP051964
461,AL031866
462,AL061891
463,AL101974
464,AL111950
465,EP121972
466,AL091940
467,AL181975
468,AL041874
469,AL092004
470,EP192015
471,AL111967
472,EP071966
473,AL041900
474,AL031962
475,EP051972
476,EP012015
477,AL081957
478,AL081935
479,CP022006
480,AL031966
481,EP121980
482,AL081924
483,EP071963
484,EP132002
485,AL061992
486,EP011966
487,EP042004
488,EP081951
489,EP192000
490,AL172005
491,AL051879
492,AL171967
493,AL242005
494,AL122007
495,AL011982
496,EP082003
497,EP171989
498,AL192011
499,AL011852
500,AL021931
501,EP121992
502,AL041902
503,EP071998
504,EP161997
505,AL051911
506,AL111971
507,AL132000
508,AL201971
509,EP051969
510,EP081972
511,EP071983
512,AL121984
513,EP021999
514,EP141970
515,CP011993
516,AL071867
517,AL071887
518,EP061994
519,AL011940
520,EP121984
521,AL031879
522,AL141953
523,EP141984
524,AL051988
525,EP171990
526,EP112010
527,AL061932
528,AL061971
529,AL151971
530,AL151981
531,AL021947
532,EP021985
533,AL021887
534,AL051931
535,EP112005
536,EP222015
537,AL011863
538,AL111931
539,AL011963
540,AL061896
541,AL162005
542,AL121977
543,AL021936
544,AL061881
545,AL081885
546,AL041888
547,AL011958
548,AL081916
549,AL052012
550,AL051952
551,AL071953
552,AL091953
553,EP191990
554,AL111980
555,AL041986
556,EP131966
557,AL031936
558,AL021857
559,AL041865
560,AL141995
561,EP082001
562,AL151969
563,EP111999
564,AL111949
565,EP102000
566,AL152004
567,AL132011
568,EP011957
569,AL031973
570,EP181988
571,AL091909
572,AL131949
573,AL041989
574,EP062003
575,AL021994
576,AL061994
577,AL141998
578,AL102000
579,EP061982
580,AL051863
581,AL071957
582,AL101970
583,AL081980
584,AL142012
585,EP152013
586,AL181970
587,AL072003
588,AL011935
589,AL061851
590,AL041962
591,AL021971
592,AL091901
593,AL042010
594,AL011906
595,EP092015
596,AL071970
597,AL041927
598,AL051929
599,AL042001
600,AL072011
601,AL081906
602,AL051951
603,AL041931
604,AL011913
605,AL091945
606,AL011924
607,EP152002
608,EP122008
609,AL111959
610,AL021973
611,AL161973
612,AL101978
613,EP011994
614,AL071974
615,AL091964
616,EP061955
617,AL031876
618,AL081908
619,AL081932
620,AL101886
621,AL021901
622,EP132011
623,AL192010
624,AL011959
625,EP191982
626,AL011946
627,AL011919
628,EP112008
629,AL071899
630,AL011943
631,AL011901
632,EP151987
633,EP031991
634,EP162015
635,EP122000
636,AL051986
637,AL101880
638,AL021966
639,AL072009
640,EP162004
641,AL051907
642,AL021891
643,AL082010
644,AL051965
645,AL171971
646,AL081934
647,AL031883
648,AL051895
649,AL021983
650,AL021864
651,AL041988
652,AL021893
653,EP041984
654,AL071878
655,AL021990
656,AL042008
657,AL061940
658,EP071990
659,AL041851
660,AL081861
661,AL011971
662,AL111926
663,EP051989
664,AL031911
665,AL111937
666,AL282005
667,AL071989
668,AL191967
669,EP112002
670,AL011859
671,AL071980
672,AL041854
673,AL041985
674,AL161975
675,EP161990
676,EP052014
677,AL031859
678,EP202015
679,AL021942
680,AL071977
681,EP051970
682,CP022001
683,AL061979
684,AL041867
685,EP011967
686,EP031993
687,AL041951
688,AL101971
689,AL061885
690,EP061968
691,AL021913
692,EP021964
693,EP022009
694,EP081976
695,EP151989
696,EP121998
697,AL061924
698,AL071971
699,AL031975
700,AL081955
701,EP131976
702,EP131983
703,AL061887
704,EP041998
705,EP092006
706,EP052011
707,AL012000
708,EP042010
709,AL041992
710,AL051885
711,EP111993
712,AL061943
713,AL151978
714,AL032008
715,AL061865
716,EP081978
717,EP051957
718,EP011969
719,AL051996
720,AL091972
721,AL152007
722,AL132003
723,AL162007
724,AL041967
725,AL141977
726,EP021977
727,AL091996
728,EP072007
729,AL031907
730,AL031978
731,AL031968
732,AL091955
733,AL122012
734,AL081979
735,AL011930
736,EP081980
737,EP081986
738,AL011957
739,EP012002
740,EP101966
741,AL031909
742,AL021999
743,EP021992
744,EP142007
745,AL121893
746,AL162012
747,EP021970
748,AL031862
749,AL051985
750,AL091998
751,EP021976
752,AL091880
753,EP091985
754,AL061892
755,EP101970
756,AL041856
757,AL092008
758,AL061915
759,AL031925
760,AL081975
761,EP041949
762,AL021950
763,AL061964
764,AL031980
765,AL041973
766,AL052010
767,AL121973
768,EP091976
769,AL111994
770,AL061911
771,EP012012
772,EP081990
773,AL061998
774,AL041957
775,AL131977
776,AL031895
777,AL031897
778,AL011949
779,AL091886
780,AL061904
781,AL171969
782,AL082006
783,AL221967
784,AL022001
785,EP081974
786,AL071966
787,AL031983
788,AL091987
789,AL061899
790,EP132000
791,AL021879
792,AL051915
793,AL031917
794,EP072001
795,EP041994
796,AL051946
797,EP012008
798,AL121969
799,AL011978
800,AL082004
801,EP021997
802,AL021924
803,AL111933
804,EP041986
805,AL031969
806,AL062001
807,EP011975
808,AL031899
809,AL141974
810,EP031958
811,AL081926
812,AL111991
813,AL171933
814,AL061938
815,EP101999
816,EP041959
817,AL011988
818,EP071973
819,AL112015
820,AL081886
821,AL081974
822,EP131994
823,AL081967
824,CP012009
825,AL121989
826,EP151981
827,AL051853
828,AL022012
829,AL111953
830,AL071888
831,AL041926
832,AL042013
833,AL151916
834,AL131931
835,AL021945
836,AL171976
837,EP011985
838,AL101987
839,EP171968
840,AL111958
841,EP031961
842,EP141982
843,EP051952
844,EP071967
845,EP142014
846,EP021991
847,EP241990
848,EP051961
849,EP072006
850,EP081995
851,AL051894
852,EP091994
853,AL012014
854,AL011866
855,AL161936
856,AL051916
857,AL151954
858,AL101956
859,EP152006
860,AL072007
861,EP051959
862,AL011918
863,AL122011
864,EP131985
865,AL232005
866,EP061962
867,EP101969
868,EP071972
869,EP041991
870,EP181992
871,AL112000
872,EP091968
873,CP021994
874,EP082013
875,AL041978
876,CP022013
877,AL161984
878,AL101996
879,AL051987
880,AL091995
881,EP161967
882,AL011877
883,AL172007
884,EP011960
885,EP032013
886,AL131987
887,AL121964
888,AL051882
889,AL071926
890,AL011970
891,AL041982
892,AL141989
893,AL031889
894,AL081880
895,EP041966
896,AL061960
897,EP101995
898,AL021854
899,AL231967
900,AL061956
901,EP101965
902,EP162006
903,AL091980
904,AL052005
905,AL031856
906,AL101903
907,AL061909
908,AL021954
909,EP122010
910,EP051978
911,AL011969
912,AL012010
913,EP101997
914,EP211989
915,AL071880
916,AL112001
917,AL101952
918,AL111934
919,AL221971
920,EP062006
921,EP131967
922,EP151967
923,EP102014
924,AL041995
925,AL141985
926,AL041891
927,EP121978
928,EP061993
929,EP011978
930,EP041990
931,EP101956
932,EP041953
933,AL081909
934,AL091949
935,EP051967
936,AL011927
937,AL061955
938,AL061948
939,AL131967
940,AL091958
941,AL051854
942,AL071877
943,EP162009
944,AL251969
945,AL031977
946,AL051876
947,EP111973
948,AL091906
949,AL091934
950,EP061990
951,AL062006
952,EP112004
953,AL051949
954,AL101969
955,EP072003
956,CP011976
957,EP081999
958,AL111976
959,EP062010
960,AL071933
961,AL031985
962,AL071973
963,AL012013
964,AL051984
965,AL061950
966,EP041980
967,EP191992
968,AL111944
969,EP122007
970,EP031972
971,EP092011
972,AL051970
973,AL031955
974,EP102010
975,CP011970
976,AL122008
977,AL011921
978,AL041991
979,EP041961
980,EP162001
981,AL041980
982,EP092013
983,AL071994
984,EP031951
985,AL212010
986,AL041896
987,AL051858
988,AL041921
989,AL121958
990,EP131975
991,AL091990
992,EP021958
993,AL042006
994,EP261992
995,AL061988
996,EP142012
997,AL021956
998,AL101995
999,AL071886
1000,AL121878
1001,AL021978
1002,AL061856
1003,EP142001
1004,EP101983
1005,AL101870
1006,AL162004
1007,EP042007
1008,AL131974
1009,AL051913
1010,EP031984
1011,AL051956
1012,EP011956
1013,AL041924
1014,EP071974
1015,EP012010
1016,AL021853
1017,CP022000
1018,EP051977
1019,EP131997
1020,AL092006
1021,EP172015
1022,CP031957
1023,AL131970
1024,AL061941
1025,AL081999
1026,AL011867
1027,EP021950
1028,AL042012
1029,EP151988
1030,EP072009
1031,EP071954
1032,AL071932
1033,AL061937
1034,AL081993
1035,AL071938
1036,AL121959
1037,AL071946
1038,AL071956
1039,EP081957
1040,AL031884
1041,EP031986
1042,AL071892
1043,AL011922
1044,EP151971
1045,AL031855
1046,EP051973
1047,EP101981
1048,AL031865
1049,EP171983
1050,AL041955
1051,AL241967
1052,AL061974
1053,AL011861
1054,AL061970
1055,EP131998
1056,AL041917
1057,AL041861
1058,EP142015
1059,AL011904
1060,AL141984
1061,AL181984
1062,AL111932
1063,AL162001
1064,EP041987
1065,AL021909
1066,AL081963
1067,EP031997
1068,AL111924
1069,AL061997
1070,AL031892
1071,EP111978
1072,AL142008
1073,AL161967
1074,AL121916
1075,EP032015
1076,AL071992
1077,EP081973
1078,EP101978
1079,AL051981
1080,EP041965
1081,EP181987
1082,AL041966
1083,AL021886
1084,EP012007
1085,AL081976
1086,AL072008
1087,EP161987
1088,EP012003
1089,AL041882
1090,AL011974
1091,AL051877
1092,AL111951
1093,EP022002
1094,AL041934
1095,AL101893
1096,AL091961
1097,AL031881
1098,AL202005
1099,AL111966
1100,EP031971
1101,EP101986
1102,AL071984
1103,EP062001
1104,EP011990
1105,EP011981
1106,AL111901
1107,AL061860
1108,EP161974
1109,EP062008
1110,EP152005
1111,AL211969
1112,EP151994
1113,AL011851
1114,EP051993
1115,AL172012
1116,AL012004
1117,AL071954
1118,EP061952
1119,EP121970
1120,EP071978
1121,AL111968
1122,AL041948
1123,AL061893
1124,AL091950
1125,CP011996
1126,AL171980
1127,AL041916
1128,AL131984
1129,EP071975
1130,EP131984
1131,AL041884
1132,EP011984
1133,EP141990
1134,EP132006
1135,EP072015
1136,AL061951
1137,EP062012
1138,EP082004
1139,EP101982
1140,AL071998
1141,AL071879
1142,AL081985
1143,EP141991
1144,EP071984
1145,AL091926
1146,AL071952
1147,AL011998
1148,AL011870
1149,AL081968
1150,AL051872
1151,AL101943
1152,AL021863
1153,AL122005
1154,AL141981
1155,EP191994
1156,CP011992
1157,AL091973
1158,AL081937
1159,EP202009
1160,EP061965
1161,AL151933
1162,EP191968
1163,EP151975
1164,AL011853
1165,EP082000
1166,AL051937
1167,EP161982
1168,AL101980
1169,AL011854
1170,EP051995
1171,EP182009
1172,CP012008
1173,EP221992
1174,EP122002
1175,AL051919
1176,AL151973
1177,EP041993
1178,EP102012
1179,AL012012
1180,AL061969
1181,AL202010
1182,AL051982
1183,AL221978
1184,AL052002
1185,AL031949
1186,EP021974
1187,AL082000
1188,AL151999
1189,AL102015
1190,AL081923
1191,AL172011
1192,AL071871
1193,AL051939
1194,EP021960
1195,AL031918
1196,AL051936
1197,AL071923
1198,EP151997
1199,EP162014
1200,AL021899
1201,AL041932
1202,AL021979
1203,AL051998
1204,EP201985
1205,AL121934
1206,AL081970
1207,AL081942
1208,EP022010
1209,AL101973
1210,AL041968
1211,EP211992
1212,CP041997
1213,AL101977
1214,AL051994
1215,EP121993
1216,EP141999
1217,AL051867
1218,AL071927
1219,AL021933
1220,AL091936
1221,AL021877
1222,EP022005
1223,CP012014
1224,AL021895
1225,AL041910
1226,AL111984
1227,AL091986
1228,EP111984
1229,EP142000
1230,AL172008
1231,EP012009
1232,AL031929
1233,AL021866
1234,CP031982
1235,EP081981
1236,AL032011
1237,EP071989
1238,EP112011
1239,AL021997
1240,EP031952
1241,AL012006
1242,AL011960
1243,AL161972
1244,AL082013
1245,AL082002
1246,EP122009
1247,EP062015
1248,AL061918
1249,EP081984
1250,AL081892
1251,EP152004
1252,AL012005
1253,EP011977
1254,AL081867
1255,EP092014
1256,EP011953
1257,EP151984
1258,EP041999
1259,AL101992
1260,AL092010
1261,AL092013
1262,AL171975
1263,EP061977
1264,AL041941
1265,AL041913
1266,AL041893
1267,AL261969
1268,EP071996
1269,AL021876
1270,AL152011
1271,AL161950
1272,EP072004
1273,AL141976
1274,EP201990
1275,EP101961
1276,EP071991
1277,EP061956
1278,EP131970
1279,EP061967
1280,EP112013
1281,AL041857
1282,EP081991
1283,AL021868
1284,AL142013
1285,EP021989
1286,AL051906
1287,AL141954
1288,AL041909
1289,AL041877
1290,AL071967
1291,EP162013
1292,EP021967
1293,AL121887
1294,EP071977
1295,EP031968
1296,AL061977
1297,EP132004
1298,EP142013
1299,EP081994
1300,AL101984
1301,EP062002
1302,EP172014
1303,AL101899
1304,EP081958
1305,AL031920
1306,AL051983
1307,AL061986
1308,EP041976
1309,EP132015
1310,EP011986
1311,AL051874
1312,EP111992
1313,AL062014
1314,AL031905
1315,EP101976
1316,EP031975
1317,AL061982
1318,EP111970
1319,EP112001
1320,AL081870
1321,AL052001
1322,AL052015
1323,AL302005
1324,EP061961
1325,AL031927
1326,EP012006
1327,EP022003
1328,AL011912
1329,AL111999
1330,EP062013
1331,AL101951
1332,EP011995
1333,AL121909
1334,EP111983
1335,EP131989
1336,AL062004
1337,AL161949
1338,AL212003
1339,AL031943
1340,EP111972
1341,AL111973
1342,AL041952
1343,EP091979
1344,AL071935
1345,AL161971
1346,AL011976
1347,EP041972
1348,AL041994
1349,AL051973
1350,EP122013
1351,AL151972
1352,AL021965
1353,EP071986
1354,EP061966
1355,AL171988
1356,EP122003
1357,AL041928
1358,AL071995
1359,AL021963
1360,AL061975
1361,EP051949
1362,EP051954
1363,AL081933
1364,AL121991
1365,AL052007
1366,CP012000
1367,AL101998
1368,EP132008
1369,AL181981
1370,EP161994
1371,AL021906
1372,AL091924
1373,EP052006
1374,AL011894
1375,EP132013
1376,AL102006
1377,EP042000
1378,AL101887
1379,AL051886
1380,AL011966
1381,AL061859
1382,EP021990
1383,AL051912
1384,EP071960
1385,AL031874
1386,AL031924
1387,EP051965
1388,AL011887
1389,AL051873
1390,AL122013
1391,AL031857
1392,EP042011
1393,AL061976
1394,AL071997
1395,EP141974
1396,AL011996
1397,EP101987
1398,AL081893
1399,AL122004
1400,EP011980
1401,AL061967
1402,EP012011
1403,AL082003
1404,EP031953
1405,EP091974
1406,EP031976
1407,EP111994
1408,AL191988
1409,AL101981
1410,EP181994
1411,CP011988
1412,CP011997
1413,EP171978
1414,EP011991
1415,EP171988
1416,AL061993
1417,AL171972
1418,EP011976
1419,EP112009
1420,EP051971
1421,AL181980
1422,AL161979
1423,AL012011
1424,AL082007
1425,AL071948
1426,AL111985
1427,AL011947
1428,AL072010
1429,AL121951
1430,EP111997
1431,AL231975
1432,EP191997
1433,AL011986
1434,AL162008
1435,AL081936
1436,AL021972
1437,AL092002
1438,EP162005
1439,AL021920
1440,AL101954
1441,AL151970
1442,AL091899
1443,AL041871
1444,AL071874
1445,AL031902
1446,EP161968
1447,AL061952
1448,AL011964
1449,AL031858
1450,AL201975
1451,CP032006
1452,AL011890
1453,EP071961
1454,AL011954
1455,AL111961
1456,AL212005
1457,EP111995
1458,AL011895
1459,AL031916
1460,EP041983
1461,AL051933
1462,AL122001
1463,EP021984
1464,AL031854
1465,AL061862
1466,CP011998
1467,EP162012
1468,EP022012
1469,AL131933
1470,EP111987
1471,AL042002
1472,AL071943
1473,AL061954
1474,AL141967
1475,EP102008
1476,EP111991
1477,EP221985
1478,AL211978
1479,EP161988
1480,AL021912
1481,AL031923
1482,EP031977
1483,EP021972
1484,EP011968
1485,EP111990
1486,AL052009
1487,EP162002
1488,AL141973
1489,AL131973
1490,EP151978
1491,AL021874
1492,AL071996
1493,EP051996
1494,AL051923
1495,AL091975
1496,AL172003
1497,AL121949
1498,AL092012
1499,AL101968
1500,EP052009
1501,AL011862
1502,AL071865
1503,AL142007
1504,AL051887
1505,EP101968
1506,EP082009
1507,AL081994
1508,EP031989
1509,AL032004
1510,AL022008
1511,AL031994
1512,EP021957
1513,EP111968
1514,AL041852
1515,AL061999
1516,EP051962
1517,AL031939
1518,AL041971
1519,AL091943
1520,AL011985
1521,EP182013
1522,AL011928
1523,EP111981
1524,AL101989
1525,EP191989
1526,AL132007
1527,EP091997
1528,EP191984
1529,EP051988
1530,AL081964
1531,AL011980
1532,CP011978
1533,EP031967
1534,CP011959
1535,EP062011
1536,AL031931
1537,EP151970
1538,EP041992
1539,AL022014
1540,EP081962
1541,AL011857
1542,EP122011
1543,EP202006
1544,EP032002
1545,AL011886
1546,AL021949
1547,AL042003
1548,EP141992
1549,AL112003
1550,EP031969
1551,EP071980
1552,EP101992
1553,EP172012
1554,EP061975
1555,AL081879
1556,AL061965
1557,EP081966
1558,AL131934
1559,EP171994
1560,EP031962
1561,AL111887
1562,EP251992
1563,AL011865
1564,EP081992
1565,EP182015
1566,EP082015
1567,AL051897
1568,AL171974
1569,AL031940
1570,AL021930
1571,EP121973
1572,AL071916
1573,EP081988
1574,EP131971
1575,AL131954
1576,EP082012
1577,AL221975
1578,AL071963
1579,AL171984
1580,AL011933
1581,AL091867
1582,AL111974
1583,EP091972
1584,AL091892
1585,EP071958
1586,EP071971
1587,AL111954
1588,EP181985
1589,CP021992
1590,EP172006
1591,EP082010
1592,AL061880
1593,EP041957
1594,EP061997
1595,AL012015
1596,EP041996
1597,AL191978
1598,AL041993
1599,AL061871
1600,AL021938
1601,AL111945
1602,AL091954
1603,AL041977
1604,EP151982
1605,EP111956
1606,AL031872
1607,AL061927
1608,AL112012
1609,AL051950
1610,AL021967
1611,AL051864
1612,AL121978
1613,AL031853
1614,AL021896
1615,AL101994
1616,EP061981
1617,EP021963
1618,EP061954
1619,EP081977
1620,AL211971
1621,AL051898
1622,AL071979
1623,AL011898
1624,AL131999
1625,AL081952
1626,EP111971
1627,AL031991
1628,AL081990
1629,AL081986
1630,EP181968
1631,AL111870
1632,EP032012
1633,AL021915
1634,AL051989
1635,AL021917
1636,AL101948
1637,AL131989
1638,CP012001
1639,EP032003
1640,AL051862
1641,AL261967
1642,AL031871
1643,EP041964
1644,EP042005
1645,AL021894
1646,AL051928
1647,AL021918
1648,AL071969
1649,AL051900
1650,AL201969
1651,AL152008
1652,AL091898
1653,AL041990
1654,AL091997
1655,EP172009
1656,EP061985
1657,EP021982
1658,EP032014
1659,AL101990
1660,AL011989
1661,AL281969
1662,AL081988
1663,AL101945
1664,AL011903
1665,AL051959
1666,AL122010
1667,AL111956
1668,EP071956
1669,AL141975
1670,AL102010
1671,EP101984
1672,AL061882
1673,CP012004
1674,EP032007
1675,EP271992
1676,AL041864
1677,AL082011
1678,AL122000
1679,AL161974
1680,AL201984
1681,EP161970
1682,AL141936
1683,AL101901
1684,EP031985
1685,AL061906
1686,AL061995
1687,AL081859
1688,AL011879
1689,AL091971
1690,AL101988
1691,AL121988
1692,AL211967
1693,AL071947
1694,AL112011
1695,AL011873
1696,AL131981
1697,AL111995
1698,EP182006
1699,AL031890
1700,EP121982
1701,EP041989
1702,CP011958
1703,AL051896
1704,AL062005
1705,EP151974
1706,AL121954
1707,EP091970
1708,AL081938
1709,EP031999
1710,AL141949
1711,AL061888
1712,AL051881
1713,AL151936
1714,EP072012
1715,AL071945
1716,EP031994
1717,AL041929
1718,EP141988
1719,EP021951
1720,AL021948
1721,EP122006
1722,AL131932
1723,AL081953
1724,EP191983
1725,CP012003
1726,AL051878
1727,EP011971
1728,EP011963
1729,AL021859
1730,AL011934
1731,AL061963
1732,AL161976
1733,AL051962
1734,EP042013
1735,AL011936
1736,AL031868
1737,AL051935
1738,AL041943
1739,EP011982
1740,AL041983
1741,EP061996
1742,EP212014
1743,EP011949
1744,EP042015
1745,CP011963
1746,AL031999
1747,AL031957
1748,AL041920
1749,AL112004
1750,CP021957
1751,AL111916
1752,EP101988
1753,AL022011
1754,AL151979
1755,AL072012
1756,EP051984
1757,AL201978
1758,AL141990
1759,AL141979
1760,AL011992
1761,AL041970
1762,AL052013
1763,AL102005
1764,AL121967
1765,AL061972
1766,AL021962
1767,AL041933
1768,CP021984
1769,AL111979
1770,AL042005
1771,CP011957
1772,EP081968
1773,EP171974
1774,AL182000
1775,EP081959
1776,EP131992
1777,AL031898
1778,EP091996
1779,AL091903
1780,EP011962
1781,EP061970
1782,AL071863
1783,EP031949
1784,AL061926
1785,AL092005
1786,EP051956
1787,EP092008
1788,AL071982
1789,AL041873
1790,EP021956
1791,AL041904
1792,AL161969
1793,AL241978
1794,AL031970
1795,AL111981
1796,EP201983
1797,EP091954
1798,AL061958
1799,AL021935
1800,AL111878
1801,AL011917
1802,AL102001
1803,AL111893
1804,AL011948
1805,AL051904
1806,AL031950
1807,AL122015
1808,AL091948
1809,AL051991
1810,AL021890
1811,AL081960
1812,AL011860
1813,AL061912
1814,AL051977
1815,AL031944
1816,AL031893
1817,AL101924
1818,EP091981
1819,AL011999
1820,EP111976
1821,EP031988
1822,EP081979
1823,AL131980
1824,AL071885
1825,AL142001
1826,AL021921
1827,AL132001
1828,EP211985
1829,AL082008
1830,EP141976
1831,AL101967
1832,EP051986
1833,AL071964
1834,AL091966
1835,AL091974
1836,AL182010
1837,AL011883
1838,CP011984
1839,EP102002
1840,EP141978
1841,EP062000
1842,AL071960
1843,EP051990
1844,AL181988
1845,AL101975
1846,EP042002
1847,EP112015
1848,AL211981
1849,EP031981
1850,AL092014
1851,AL091887
1852,AL011908
1853,EP101993
1854,AL051980
1855,EP071982
1856,EP141968
1857,AL011987
1858,AL081889
1859,AL061870
1860,EP132009
1861,AL061985
1862,AL181979
1863,AL071870
1864,AL011953
1865,EP051982
1866,AL142010
1867,AL041996
1868,AL032003
1869,EP102004
1870,EP121988
1871,AL021922
1872,EP101975
1873,AL101958
1874,AL031938
1875,EP061971
1876,EP062004
1877,AL081966
1878,AL011932
1879,AL021991
1880,AL111987
1881,EP011972
1882,EP071959
1883,AL062007
1884,AL181967
1885,EP101954
1886,EP011959
1887,AL011950
1888,AL091991
1889,EP011998
1890,EP152015
1891,AL101959
1892,EP062005
1893,EP011997
1894,EP152012
1895,EP082007
1896,EP141985
1897,AL071959
1898,AL221981
1899,AL141980
1900,AL031981
1901,CP031994
1902,EP161984
1903,AL041919
1904,AL031960
1905,AL072005
1906,AL091937
1907,EP171993
1908,EP091998
1909,AL081996
1910,AL122003
1911,AL021892
1912,AL051999
1913,AL011983
1914,AL051978
1915,CP031959
1916,CP011950
1917,EP021995
1918,EP021978
1919,EP071994
1920,AL051947
1921,AL071976
1922,AL101931
1923,AL131998
1924,AL021969
1925,EP121999
1926,EP141980
1927,EP172000
1928,EP102005
1929,EP081967
1930,AL101985
1931,EP041969
1932,EP051950
1933,AL101942
1934,AL082009
1935,AL031886
1936,EP141998
1937,EP031959
1938,AL161970
1939,AL061886
1940,AL041866
1941,AL041935
1942,AL031952
1943,EP132001
1944,EP132007
1945,AL031869
1946,AL061945
1947,EP042001
1948,AL142000
1949,CP012005
1950,AL061959
1951,EP011965
1952,AL022006
1953,EP061960
1954,AL031995
1955,EP131968
1956,EP101957
1957,AL032007
1958,AL102012
1959,EP041955
1960,EP161971
1961,EP061988
1962,AL011993
1963,EP131982
1964,AL031953
1965,EP192006
1966,EP041982
1967,AL051891
1968,AL091863
1969,AL132008
1970,AL132010
1971,AL041907
1972,AL181887
1973,EP062007
1974,EP101973
1975,EP081987
1976,EP092012
1977,AL021884
1978,AL051920
1979,EP071999
1980,CP021972
1981,EP011989
1982,AL101966
1983,AL092007
1984,EP171987
1985,EP011996
1986,AL061869
1987,AL021888
1988,AL141916
1989,AL121956
1990,AL041999
1991,EP051980
1992,AL021870
1993,AL091947
1994,EP091961
1995,AL061983
1996,EP102003
1997,EP061991
1998,AL121996
1999,AL122002
2000,EP101980
2001,AL021939
2002,EP161975
2003,AL041979
2004,AL032009
2005,EP042014
2006,AL061939
2007,AL111996
2008,AL011965
2009,AL071936
2010,AL031945
2011,AL171973
2012,AL121998
2013,AL051942
2014,AL031922
2015,AL021984
2016,AL062002
2017,EP021981
2018,AL021993
2019,EP121975
2020,AL011880
2021,AL032010
2022,EP032006
2023,EP141997
2024,EP182000
2025,EP101979
2026,AL041890
2027,AL061936
2028,EP041988
2029,EP062014
2030,AL011900
2031,AL041908
2032,AL041942
2033,AL151932
2034,AL121944
2035,AL011972
2036,AL071985
2037,EP061978
2038,AL051975
2039,EP141993
2040,EP122015
2041,AL011871
2042,AL061895
2043,AL091970
2044,AL112005
2045,AL011920
2046,AL191976
2047,AL051888
2048,AL011914
2049,AL292005
2050,AL011872
2051,AL062000
2052,EP031955
2053,EP031990
2054,EP112012
2055,AL061944
2056,AL012008
2057,CP022014
2058,AL061991
2059,AL161887
2060,EP081993
2061,AL041886
2062,CP041982
2063,EP031950
2064,AL021980
2065,EP051974
2066,AL041879
2067,AL101906
2068,EP102006
2069,AL041855
2070,EP141987
2071,AL101972
2072,EP132005
2073,EP102015
2074,AL112008
2075,AL151968
2076,EP011974
2077,AL021926
2078,AL031954
2079,AL061894
2080,EP021952
2081,EP072002
2082,AL031958
2083,AL022004
2084,AL161999
2085,EP151993
2086,AL061961
2087,EP181971
2088,AL111977
2089,AL061898
2090,AL101937
2091,EP172013
2092,EP031965
2093,AL031963
2094,AL011881
2095,AL021937
2096,AL201974
2097,AL011981
2098,AL041987
2099,EP071968
2100,AL091992
2101,EP072011
2102,EP021971
2103,AL061858
2104,AL031877
2105,AL121972
2106,AL011929
2107,AL141987
2108,AL091985
2109,EP021980
2110,EP021962
2111,EP061989
2112,AL021861
2113,CP032002
2114,EP141971
2115,AL291969
2116,EP121987
2117,AL081878
2118,AL151967
2119,AL061935
2120,AL151995
2121,EP091992
2122,AL061946
2123,EP041956
2124,EP131991
2125,AL041889
2126,AL041915
2127,EP071997
2128,AL191979
2129,EP192009
2130,AL111886
2131,EP052007
2132,AL081869
2133,AL201979
2134,AL062012
2135,EP181989
2136,EP162000
2137,AL051967
2138,EP081982
2139,EP151983
2140,EP171986
2141,EP121994
2142,CP011994
2143,AL041862
2144,EP052010
2145,AL031864
2146,AL051968
2147,AL051938
2148,AL092001
2149,AL091932
2150,EP021959
2151,AL011875
2152,EP022001
2153,EP021968
2154,AL252005
2155,AL011937
2156,AL141971
2157,EP051958
2158,EP071981
2159,AL161933
2160,CP021988
2161,AL021925
2162,AL041998
2163,EP011961
2164,EP021954
2165,AL081901
2166,EP141967
2167,AL021852
2168,EP041960
2169,EP121971
2170,AL011923
2171,AL071988
2172,AL081997
2173,AL011910
2174,AL021970
2175,AL071942
2176,AL102007
2177,AL081992
2178,EP111998
2179,AL061947
2180,AL061980
2181,AL031851
2182,AL062015
2183,AL071881
2184,EP201992
2185,EP102011
2186,EP041979
2187,AL152010
2188,EP071957
2189,AL101993
2190,AL091989
2191,EP031998
2192,AL011968
2193,EP091984
2194,EP172008
2195,AL021875
2196,AL081947
2197,AL031930
2198,AL101908
2199,AL041897
2200,AL032005
2201,AL051918
2202,EP011954
2203,AL072006
2204,AL091999
2205,EP082011
2206,AL071937
2207,AL041972
2208,EP051981
2209,AL131996
2210,EP052013
2211,AL011864
2212,AL101976
2213,EP091969
2214,AL031885
2215,AL041946
2216,AL051861
2217,EP041973
2218,AL041939
2219,AL031903
2220,AL061921
2221,AL021946
2222,EP102009
2223,EP092002
2224,EP011973
2225,AL021903
2226,EP142009
2227,AL031988
2228,AL051860
2229,CP012002
2230,AL061874
2231,AL151984
2232,AL062009
2233,AL082001
2234,EP151992
2235,AL111969
2236,EP052002
2237,AL031937
2238,AL101932
2239,AL181971
2240,AL011858
2241,AL061987
2242,AL061900
2243,AL071900
2244,AL142003
2245,EP181984
2246,AL081971
2247,EP081985
2248,EP021993
2249,AL031880
2250,AL091976
2251,AL081871
2252,AL031959
2253,AL191933
2254,AL021907
2255,AL191981
2256,AL032002
2257,AL071898
2258,AL081954
2259,EP071970
2260,AL071861
2261,AL082015
2262,AL101953
2263,AL161995
2264,AL031946
2265,EP012014
2266,AL041984
2267,EP041971
2268,EP061995
2269,AL131916
2270,AL081877
2271,AL131972
2272,EP081956
2273,EP071962
2274,AL081998
2275,AL061863
2276,EP112014
2277,AL031932
2278,AL181969
2279,AL231969
2280,EP211990
2281,AL051955
2282,EP091965
2283,AL061916
2284,AL171978
2285,AL092011
2286,EP191985
2287,AL031989
2288,AL061973
2289,AL181933
2290,EP121986
2291,EP091966
2292,EP121983
2293,EP031978
2294,AL091963
2295,AL181974
2296,AL111936
2297,EP021953
2298,EP032000
2299,AL101999
2300,AL021923
2301,AL081995
2302,AL031976
2303,AL201967
2304,AL021873
2305,AL021883
2306,EP101967
2307,AL031863
2308,EP081996
2309,AL012007
2310,AL101986
2311,EP121989
2312,AL081989
2313,EP031970
2314,EP161978
2315,AL031873
2316,AL011941
2317,EP121985
2318,AL121933
2319,AL031979
2320,EP101996
2321,AL061903
2322,EP132003
2323,CP011975
2324,AL011973
2325,AL041964
2326,AL081978
2327,AL031852
2328,AL081888
2329,EP082006
2330,AL151949
2331,AL081943
2332,EP081961
2333,EP102013
2334,EP011988
2335,AL052014
2336,AL011995
2337,EP101998
2338,EP072000
2339,EP081971
2340,EP112007
2341,AL031956
2342,AL071931
2343,AL131950
2344,AL141970
2345,AL081984
2346,EP031956
2347,EP041952
2348,AL071993
2349,AL131944
2350,EP121959
2351,EP072013
2352,AL021988
2353,EP041967
2354,EP091991
2355,AL162011
2356,EP131980
2357,EP152003
2358,AL102003
2359,AL101955
2360,EP021986
2361,EP091989
2362,AL201976
2363,AL051922
2364,EP041985
2365,EP011952
2366,AL091967
2367,EP152000
2368,EP032004
2369,AL061901
2370,AL051852
2371,EP131981
2372,AL021871
2373,AL021960
2374,EP031964
2375,AL051870
2376,EP091995
2377,AL071924
2378,EP121974
2379,AL011956
2380,EP041958
2381,EP131974
2382,AL051976
2383,AL061990
2384,AL081959
2385,AL031896
2386,EP241992
2387,AL141950
2388,EP051968
2389,EP051983
2390,EP111974
2391,AL101950
2392,AL111978
2393,EP022007
2394,AL071896
2395,AL021952
2396,AL021989
2397,AL051966
2398,AL121975
2399,AL071853
2400,AL042009
2401,EP122004
2402,AL091979
2403,EP061979
2404,AL091938
2405,AL012001
2406,AL272005
2407,AL021943
2408,EP071992
2409,AL061928
2410,AL081931
2411,AL152013
2412,EP061980
2413,AL052006
2414,EP061969
2415,CP021997
2416,AL031906
2417,AL121936
2418,AL051957
2419,CP031997
2420,AL031992
2421,EP051960
2422,EP071965
2423,AL032012
2424,CP011985
2425,EP131987
2426,AL011907
2427,AL041938
2428,AL081949
2429,AL111972
2430,AL021986
2431,CP021987
2432,EP142005
2433,AL132005
2434,AL011945
2435,AL051893
2436,EP071952
2437,EP061959
2438,EP121967
2439,CP021982
2440,EP041975
2441,AL051855
2442,EP081983
2443,AL061866
2444,AL011955
2445,AL041925
2446,AL051995
2447,EP011987
2448,AL041903
2449,EP091967
2450,AL072014
2451,EP031973
2452,EP092001
2453,AL111880
2454,AL111898
2455,AL022009
2456,AL132013
2457,EP041981
2458,AL051869
2459,AL071986
2460,AL012003
2461,AL021987
2462,AL151988
2463,CP011982
2464,AL021916
2465,AL041974
2466,AL111998
2467,AL072015
2468,EP142008
2469,EP091999
2470,AL021934
2471,AL051993
2472,AL051903
2473,AL071869
2474,AL011892
2475,EP102007
2476,EP141981
2477,EP111982
2478,AL041858
2479,CP032009
2480,AL031867
2481,AL011915
2482,AL011911
2483,AL132012
2484,AL041853
2485,AL031910
2486,AL081973
2487,EP061950
2488,AL121968
2489,EP101991
2490,AL121974
2491,AL191971
2492,AL051927
2493,EP061998
2494,AL071975
2495,CP022002
2496,EP111996
2497,AL101947
2498,AL172010
2499,EP021949
2500,AL092003
2501,EP082008
2502,EP091975
2503,AL041960
2504,EP022000
2505,AL071903
2506,AL111964
2507,EP152009
2508,EP051966
2509,AL032001
2510,EP141989
2511,AL021995
2512,EP071976
2513,EP161992
2514,EP021966
2515,EP032005
2516,AL101898
2517,AL061908
2518,AL042000
2519,AL081927
2520,CP031992
2521,AL022013
2522,AL062013
2523,AL071950
2524,AL061861
2525,EP061963
2526,EP091973
2527,EP011950
2528,EP061992
2529,AL061957
2530,AL071859
2531,EP071987
2532,AL031951
2533,AL141968
2534,AL031986
2535,AL031891
2536,EP122005
2537,AL061889
2538,AL061877
2539,AL051880
2540,AL031947
2541,AL241969
2542,AL081903
2543,AL101964
2544,AL091933
2545,EP011979
2546,EP101972
2547,AL041898
2548,EP171971
2549,AL051958
2550,AL191975
2551,AL121976
2552,AL091870
2553,EP051999
2554,AL041945
2555,AL121950
2556,EP041963
2557,AL102002
2558,EP142006
2559,AL121987
2560,CP012006
2561,AL041870
2562,AL071894
2563,EP032001
2564,AL081972
2565,AL081982
2566,AL051971
2567,AL011931
2568,AL102009
2569,AL021977
2570,AL031948
2571,AL021929
2572,AL191972
2573,EP081997
2574,EP101990
2575,EP031995
2576,EP101974
2577,CP012010
2578,EP052004
2579,AL021996
2580,AL101944
2581,AL071990
2582,AL052008
2583,AL011889
2584,AL011951
2585,AL091959
2586,EP231992
2587,AL151989
2588,AL262005
2589,CP021959
2590,EP091978
2591,AL061853
2592,AL131901
2593,AL121901
2594,AL011925
2595,AL141933
2596,EP131978
2597,EP101959
2598,EP161983
2599,AL091977
2600,AL171979
2601,EP171970
2602,AL022005
2603,AL041869
2604,EP051975
2605,AL041923
2606,AL062011
2607,AL312005
2608,AL021982
2609,EP061958
2610,EP091982
2611,AL041859
2612,EP111988
2613,EP091986
2614,EP111967
2615,EP061974
2616,EP072008
2617,AL051961
2618,AL041936
2619,AL062008
2620,EP122014
2621,EP021994
2622,AL051926
2623,AL072002
2624,EP091951
2625,AL181972
2626,EP031954
2627,AL161978
2628,AL041878
2629,AL101926
2630,AL031901
2631,AL011939
2632,AL022015
2633,AL021898
2634,AL021951
2635,AL051974
2636,EP061986
2637,AL011977
2638,AL031987
2639,AL011876
2640,AL011952
2641,EP151991
2642,EP061951
2643,AL041899
2644,EP041950
2645,AL101979
2646,AL021992
2647,EP181982
2648,EP031980
2649,AL041997
2650,AL081958
2651,EP182014
2652,AL041876
2653,AL142002
2654,EP121997
2655,AL141944
2656,AL031912
2657,EP091980
2658,AL011902
2659,AL031928
2660,EP021998
2661,EP171982
2662,EP162003
2663,AL112013
2664,EP061973
2665,CP022009
2666,EP072014
2667,AL111989
2668,AL041949
2669,AL031875
2670,AL071944
2671,AL072013
2672,AL051901
2673,EP022014
2674,AL081898
2675,EP031963
2676,AL081899
2677,AL051865
2678,AL041940
2679,AL051908
2680,AL101891
2681,AL021968
2682,AL051892
2683,EP041962
2684,EP051976
2685,AL191974
2686,AL112007
2687,AL031998
2688,AL071940
2689,AL081945
2690,AL251967
2691,AL022000
2692,EP121996
2693,AL071999
2694,EP111966
2695,AL131978
2696,AL082005
2697,EP111954
2698,AL141932
2699,AL031933
2700,AL081956
2701,EP122001
2702,AL072001
2703,AL171936
2704,EP092003
2705,EP022004
2706,AL011856
2707,AL031964
2708,EP061949
2709,AL061984
2710,AL151990
2711,AL151974
2712,AL131887
2713,AL021882
2714,AL011897
2715,EP101994
2716,AL142005
2717,AL011944
2718,AL011979
2719,EP012004
2720,AL031882
2721,EP081975
2722,EP152001
2723,EP052003
2724,AL082012
2725,AL091869
2726,CP011974
2727,EP092005
2728,AL031967
2729,EP041968
2730,AL071961
2731,AL061989
2732,AL032015
2733,EP042012
2734,AL131968
2735,EP031979
2736,EP121991
2737,AL041901
2738,AL021872
2739,AL051945
2740,AL201995
2741,AL031965
2742,AL132002
2743,AL021976
2744,AL051859
2745,AL021869
2746,EP091957
2747,EP031992
2748,EP122012
2749,AL192012
2750,AL041872
2751,AL131955
2752,AL091981
2753,EP081970
2754,AL081987
2755,EP162008
2756,EP022013
2757,EP062009
2758,AL101991
2759,AL111942
2760,AL031919
2761,EP201989
2762,AL031870
2763,AL011909
2764,AL031993
2765,AL041895
2766,EP012005
2767,AL152003
2768,EP071951
2769,EP221990
2770,AL031888
2771,EP032010
2772,AL142004
2773,AL091969
2774,AL021858
2775,EP091956
2776,AL011885
2777,AL051909
2778,EP021973
2779,AL061942
2780,EP092004
2781,EP131986
2782,AL021900
2783,AL031878
2784,AL161954
2785,AL152005
2786,EP212015
2787,AL101916
2788,AL011961
2789,AL102004
2790,AL011855
2791,AL051940
2792,AL022007
2793,AL041883
2794,AL091993
2795,AL011896
2796,AL051964
2797,AL211975
2798,AL081948
2799,AL061966
2800,AL021862
2801,AL032006
2802,AL051875
2803,AL081944
2804,EP071979
2805,AL031996
2806,AL162010
2807,AL011891
2808,AL031941
2809,EP111989
2810,AL021959
2811,EP181978
2812,AL051941
2813,AL051953
2814,AL051943
2815,AL071991
2816,AL211995
2817,AL161981
2818,AL011888
2819,AL021908
2820,AL011916
2821,AL021961
2822,AL041922
2823,AL151975
2824,EP091987
2825,AL071958
2826,AL051972
2827,AL042004
2828,AL051924
2829,AL151887
2830,AL131990
2831,EP041970
2832,AL131988
2833,AL071860
2834,AL101869
2835,EP121981
2836,AL031915
2837,EP151985
2838,EP061972
2839,EP151998
2840,AL041880
2841,AL041958
2842,EP041995
2843,EP071969
2844,AL221969
2845,AL061978
2846,EP172001
2847,AL161988
2848,AL091891
2849,AL061931
2850,AL011869
2851,AL061923
2852,AL021881
2853,AL041892
2854,EP032009
2855,AL061879
2856,CP011990
2857,AL131979
2858,AL071951
2859,AL011975
2860,AL111955
2861,AL071921
2862,EP131999
2863,EP231989
